user_id;registration_date;payment_date;revenue;payment_service_id;payment_provider;place;country;product_id
114433758;06.11.2017 15:25;10.11.2017 17:35;6305;19;Деньги от Payment Ninja;autorefill;AR;pn.coins.40.5
114127051;19.10.2017 6:03;04.11.2017 8:53;4732;147;Деньги от Google Play;promo.key31;CL;com.topface.topface.sub.vip.month.5
114202962;24.10.2017 0:12;31.10.2017 2:12;10153;147;Деньги от Google Play;TrialVipPopup;US;com.topface.topface.sub.trial.vip.month.10.v2
114150804;20.10.2017 20:39;26.10.2017 6:26;2366;67;Деньги от Google Play;EmptyLikes;ES;com.topface.topface.likes.100.3
114324983;31.10.2017 12:40;03.11.2017 16:25;6292;147;Деньги от Google Play;promo.key31;CH;com.topface.topface.sub.vip.month.5
114107324;17.10.2017 21:05;17.10.2017 22:35;6292;147;Деньги от Payment Ninja;AutoReplyMessage;FR;pn..sub.vip.month.5
114235098;26.10.2017 1:40;30.10.2017 9:01;1261;19;Деньги от Payment Ninja;EmptyLikes;IT;pn.coins.6.1
114433442;06.11.2017 15:06;07.11.2017 13:54;1482;68;Деньги от PaymentWall (mobile);none;PT;com.topface.topface.buy.sms.vip.day.10
114057442;14.10.2017 23:30;14.10.2017 23:32;2730;67;Деньги от Google Play;EmptyLikes;US;com.topface.topface.likes.100.3
114162603;21.10.2017 15:15;22.10.2017 16:37;4758;147;Деньги от Google Play;AutoReplyMessage;CH;com.topface.topface.sub.vip.month.5
114146584;20.10.2017 14:49;15.11.2017 2:15;1261;19;Деньги от Payment Ninja;Menu;AR;pn.coins.6.1
114112554;18.10.2017 6:29;22.10.2017 19:16;6292;147;Деньги от Payment Ninja;promo.key31;US;pn..sub.vip.month.5
114083215;16.10.2017 11:26;17.10.2017 11:52;3783;67;Деньги от Payment Ninja;EmptyLikes;GB;pn.likes.100.3
114142687;20.10.2017 8:38;20.10.2017 8:41;5135;147;Деньги от Google Play;AutoReplyMessage;GB;com.topface.topface.sub.vip.month.5
114304261;30.10.2017 5:06;08.11.2017 19:12;9087;147;Деньги от Google Play;TrialVipPopup;US;com.topface.topface.sub.trial.vip.month.10.v2
114112554;18.10.2017 6:29;22.10.2017 8:23;3783;67;Деньги от Payment Ninja;EmptyLikes;US;pn.likes.100.3
114338266;01.11.2017 8:36;03.11.2017 19:07;6292;147;Деньги от Payment Ninja;promo.key31;CL;pn..sub.vip.month.5
114083215;16.10.2017 11:26;19.10.2017 18:34;6305;19;Деньги от Payment Ninja;autorefill;GB;pn.coins.40.5
114264996;27.10.2017 23:39;29.10.2017 10:39;6370;147;Деньги от Google Play;LeftMenu;ES;com.topface.topface.sub.vip.month.5
114320583;31.10.2017 4:43;03.11.2017 21:14;3783;67;Деньги от Payment Ninja;EmptyLikes;US;pn.likes.100.3
114319510;31.10.2017 2:07;01.11.2017 23:19;3913;146;Деньги от Google Play;EmptyLikes;IT;com.topface.topface.sub.coins.month.40.5
114411413;05.11.2017 16:32;09.11.2017 15:34;728;146;Деньги от Google Play;EmptyLikes;FR;com.topface.topface.sub.coins.month.6.1
114086884;16.10.2017 16:01;16.10.2017 20:41;63037;147;Деньги от Payment Ninja;LeftMenu;ES;pn.sub.vip.year.50
114310295;30.10.2017 15:22;30.10.2017 16:18;1261;19;Деньги от Payment Ninja;autorefill;ES;pn.coins.6.1
114254267;27.10.2017 9:35;31.10.2017 11:52;3913;19;Деньги от Google Play;EmptyLikes;IT;com.topface.topface.coins.40.5
114223501;25.10.2017 10:44;02.11.2017 12:44;13208;147;Деньги от Google Play;TrialVipPopup;AU;com.topface.topface.sub.trial.vip.month.13
114419811;05.11.2017 22:28;06.11.2017 14:40;2314;67;Деньги от Google Play;EmptyLikes;BE;com.topface.topface.likes.100.3
114254267;27.10.2017 9:35;29.10.2017 15:26;728;19;Деньги от Google Play;EmptyLikes;IT;com.topface.topface.coins.6.1
114150804;20.10.2017 20:39;20.10.2017 20:43;6474;147;Деньги от Google Play;LeftMenu;ES;com.topface.topface.sub.vip.month.5
114044118;14.10.2017 2:54;14.10.2017 2:57;4537;147;Деньги от Google Play;Dating;US;com.topface.topface.sub.vip.month.5
114310295;30.10.2017 15:22;02.11.2017 13:48;3783;67;Деньги от Payment Ninja;Gifts;ES;pn.likes.100.3
114242155;26.10.2017 14:51;31.10.2017 15:20;3783;67;Деньги от Payment Ninja;EmptyLikes;CL;pn.likes.100.3
114254267;27.10.2017 9:35;29.10.2017 15:26;728;146;Деньги от Google Play;EmptyLikes;IT;com.topface.topface.sub.coins.month.6.1
114306782;30.10.2017 10:14;06.11.2017 12:31;11102;147;Деньги от Google Play;TrialVipPopup;IL;com.topface.topface.sub.trial.vip.month.10.v2
114495950;10.11.2017 4:59;12.11.2017 11:45;3783;67;Деньги от Payment Ninja;EmptyLikes;IL;pn.likes.100.3
114142687;20.10.2017 8:38;26.10.2017 8:55;3614;19;Деньги от Google Play;Menu;GB;com.topface.topface.coins.40.5
114469287;08.11.2017 15:19;08.11.2017 15:25;3692;67;Деньги от PaymentWall (mobile);none;US;com.topface.topface.buy.sms.likes.1
114465731;08.11.2017 9:55;08.11.2017 10:30;4693;147;Деньги от Google Play;LeftMenu;GB;com.topface.topface.sub.vip.month.5
114104412;17.10.2017 17:29;24.10.2017 19:45;12935;147;Деньги от Google Play;TrialVipPopup;BE;com.topface.topface.sub.trial.vip.month.10.v2
114162603;21.10.2017 15:15;22.10.2017 13:38;8346;146;Деньги от Google Play;EmptyLikes;CH;com.topface.topface.sub.coins.month.100.10
114159391;21.10.2017 11:05;26.10.2017 10:52;3900;147;Деньги от Google Play;AutoReplyMessage;ES;com.topface.topface.sub.vip.month.5
114071012;15.10.2017 18:51;05.11.2017 16:02;3900;146;Деньги от Google Play;Menu;FR;com.topface.topface.sub.coins.month.40.5
114043038;14.10.2017 0:54;23.10.2017 12:31;12727;147;Деньги от Google Play;TrialVipPopup;US;com.topface.topface.sub.trial.vip.month.13
114416867;05.11.2017 20:23;06.11.2017 16:04;481;19;Деньги от PaymentWall (mobile);none;CL;com.topface.topface.buy.sms.coins.8
114496721;10.11.2017 6:38;10.11.2017 16:33;6292;147;Деньги от Payment Ninja;LeftMenu;AR;pn..sub.vip.month.5
114136853;19.10.2017 21:42;19.10.2017 21:46;4914;147;Деньги от Google Play;LeftMenu;AE;com.topface.topface.sub.vip.month.5
114433758;06.11.2017 15:25;08.11.2017 5:22;6305;19;Деньги от Payment Ninja;EmptyLikes;AR;pn.coins.40.5
114263113;27.10.2017 21:26;27.10.2017 22:30;81796;147;Деньги от Google Play;LeftMenu;AE;com.topface.topface.sub.vip.year.90
114499937;10.11.2017 11:45;11.11.2017 4:20;4004;146;Деньги от Google Play;EmptyLikes;AR;com.topface.topface.sub.coins.month.40.5
114301180;30.10.2017 0:21;01.11.2017 22:36;2327;67;Деньги от Google Play;EmptyMutual;DE;com.topface.topface.likes.100.3
114236961;26.10.2017 6:37;26.10.2017 6:51;4095;147;Деньги от Google Play;none;ES;com.topface.topface.sub.vip.month.5
114203615;24.10.2017 1:15;28.10.2017 18:06;2145;67;Деньги от Google Play;Fans;GB;com.topface.topface.likes.100.3
114495950;10.11.2017 4:59;12.11.2017 11:40;3783;67;Деньги от Payment Ninja;EmptyLikes;IL;pn.likes.100.3
114242155;26.10.2017 14:51;30.10.2017 1:36;6292;147;Деньги от Payment Ninja;PopularUserBlockDialog;CL;pn..sub.vip.month.5
114138198;19.10.2017 23:20;02.11.2017 2:24;4537;147;Деньги от Google Play;promo.key31;US;com.topface.topface.sub.vip.month.5
114420248;05.11.2017 22:46;05.11.2017 23:26;10608;68;Деньги от PaymentWall (mobile);none;BE;com.topface.topface.buy.vip.day.20
114451427;07.11.2017 13:38;07.11.2017 22:30;6292;147;Деньги от Payment Ninja;AutoReplyMessage;US;pn..sub.vip.month.5
114324983;31.10.2017 12:40;04.11.2017 14:16;3900;146;Деньги от Google Play;EmptyLikes;CH;com.topface.topface.sub.coins.month.40.5
114306782;30.10.2017 10:14;03.11.2017 14:02;6305;19;Деньги от Payment Ninja;autorefill;IL;pn.coins.40.5
114495950;10.11.2017 4:59;13.11.2017 0:14;1261;19;Деньги от Payment Ninja;EmptyLikes;IL;pn.coins.6.1
114209694;24.10.2017 13:34;06.11.2017 22:49;12649;147;Деньги от Google Play;TrialVipPopup;FR;com.topface.topface.sub.trial.vip.month.10.v2
114453084;07.11.2017 15:43;08.11.2017 19:01;871;19;Деньги от Google Play;EmptyLikes;IL;com.topface.topface.coins.6.1
114325133;31.10.2017 12:53;08.11.2017 14:58;9087;147;Деньги от Google Play;TrialVipPopup;US;com.topface.topface.sub.trial.vip.month.10.v2
114123337;18.10.2017 22:22;18.10.2017 22:39;1261;19;Деньги от Payment Ninja;Gifts;IT;pn.coins.6.1
114304261;30.10.2017 5:06;31.10.2017 18:39;2730;67;Деньги от Google Play;Gifts;US;com.topface.topface.likes.100.3
114112554;18.10.2017 6:29;24.10.2017 6:11;1261;19;Деньги от Payment Ninja;Menu;US;pn.coins.6.1
114242155;26.10.2017 14:51;02.11.2017 21:31;6305;19;Деньги от Payment Ninja;EmptyLikes;CL;pn.coins.40.5
114495950;10.11.2017 4:59;13.11.2017 0:24;1261;19;Деньги от Payment Ninja;autorefill;IL;pn.coins.6.1
114342873;01.11.2017 15:54;06.11.2017 2:16;6292;147;Деньги от Payment Ninja;UserProfileFragment;FR;pn..sub.vip.month.5
114264609;27.10.2017 23:10;27.10.2017 23:38;2756;68;Деньги от PaymentWall (mobile);none;US;com.topface.topface.buy.sms.vip.day.10
114419811;05.11.2017 22:28;06.11.2017 14:41;3913;146;Деньги от Google Play;EmptyLikes;BE;com.topface.topface.sub.coins.month.40.5
114413002;05.11.2017 17:44;13.11.2017 19:45;16952;147;Деньги от Google Play;TrialVipPopup;IT;com.topface.topface.sub.trial.vip.month.13
114254267;27.10.2017 9:35;28.10.2017 13:08;2314;67;Деньги от Google Play;EmptyLikes;IT;com.topface.topface.likes.100.3
114060886;15.10.2017 5:41;16.10.2017 8:30;6292;147;Деньги от Payment Ninja;promo.key31;US;pn..sub.vip.month.5
114106646;17.10.2017 20:21;04.11.2017 4:57;6422;147;Деньги от Google Play;promo.key31;US;com.topface.topface.sub.vip.month.5
114281696;29.10.2017 2:08;04.11.2017 17:39;1261;19;Деньги от Payment Ninja;Menu;US;pn.coins.6.1
114112554;18.10.2017 6:29;24.10.2017 6:11;1261;19;Деньги от Payment Ninja;EmptyLikes;US;pn.coins.6.1
114495950;10.11.2017 4:59;14.11.2017 20:16;1261;19;Деньги от Payment Ninja;EmptyLikes;IL;pn.coins.6.1
114314087;30.10.2017 19:29;11.11.2017 10:21;6292;147;Деньги от Payment Ninja;PopularUserBlockDialog;IT;pn..sub.vip.month.5
114414680;05.11.2017 18:57;12.11.2017 21:01;13273;147;Деньги от Google Play;LeftMenu;CL;com.topface.topface.sub.trial.vip.month.13
114131032;19.10.2017 13:55;21.10.2017 20:08;897;19;Деньги от Google Play;EmptyLikes;US;com.topface.topface.coins.6.1
114074853;15.10.2017 22:08;15.10.2017 23:24;2873;68;Деньги от PaymentWall (mobile);none;FR;com.topface.topface.buy.sms.vip.day.10
114310295;30.10.2017 15:22;30.10.2017 15:59;1261;19;Деньги от Payment Ninja;autorefill;ES;pn.coins.6.1
114453084;07.11.2017 15:43;08.11.2017 19:01;871;146;Деньги от Google Play;EmptyLikes;IL;com.topface.topface.sub.coins.month.6.1
114078860;16.10.2017 3:06;16.10.2017 18:24;6539;147;Деньги от Google Play;promo.key31;IT;com.topface.topface.sub.vip.month.5
114125688;19.10.2017 1:58;20.10.2017 16:12;845;146;Деньги от Google Play;EmptyLikes;US;com.topface.topface.sub.coins.month.6.1
114235098;26.10.2017 1:40;30.10.2017 9:01;1261;19;Деньги от Payment Ninja;EmptyLikes;IT;pn.coins.6.1
114086884;16.10.2017 16:01;16.10.2017 20:42;12610;19;Деньги от Payment Ninja;Menu;ES;pn.coins.100.10
114230107;25.10.2017 19:32;02.11.2017 1:55;12675;147;Деньги от Google Play;TrialVipPopup;FR;com.topface.topface.sub.trial.vip.month.10.v2
114084303;16.10.2017 12:51;24.10.2017 19:20;1261;19;Деньги от Payment Ninja;EmptyLikes;BE;pn.coins.6.1
114449450;07.11.2017 10:50;07.11.2017 10:58;4719;0;Деньги от Google Play;none;AU;com.topface.topface.sub.vip.month.5
114142687;20.10.2017 8:38;26.10.2017 8:53;689;146;Деньги от Google Play;EmptyLikes;GB;com.topface.topface.sub.coins.month.6.1
114246982;26.10.2017 20:47;31.10.2017 22:51;6292;147;Деньги от Google Play;PopularUserBlockDialog;DE;com.topface.topface.sub.vip.month.5
114117572;18.10.2017 15:17;25.10.2017 17:17;16835;147;Деньги от Google Play;TrialVipPopup;BE;com.topface.topface.sub.trial.vip.month.13
114425328;06.11.2017 4:21;06.11.2017 4:59;6292;147;Деньги от Payment Ninja;AutoReplyMessage;ES;pn..sub.vip.month.5
114139448;20.10.2017 1:03;27.10.2017 3:03;9087;147;Деньги от Google Play;TrialVipPopup;US;com.topface.topface.sub.trial.vip.month.10.v2
114112554;18.10.2017 6:29;31.10.2017 7:04;3783;67;Деньги от Payment Ninja;EmptyLikes;US;pn.likes.100.3
114301180;30.10.2017 0:21;03.11.2017 2:57;19513;146;Деньги от Google Play;EmptyLikes;DE;com.topface.topface.sub.coins.month.300.20
114301735;30.10.2017 0:53;30.10.2017 0:59;2717;67;Деньги от PaymentWall (mobile);none;FR;com.topface.topface.buy.sms.likes.1
114044118;14.10.2017 2:54;14.10.2017 16:50;897;146;Деньги от Google Play;EmptyLikes;US;com.topface.topface.sub.coins.month.6.1
114160923;21.10.2017 13:07;22.10.2017 14:46;6292;147;Деньги от Payment Ninja;LeftMenu;GB;pn..sub.vip.month.5
114461808;08.11.2017 1:08;08.11.2017 22:59;3042;19;Деньги от PaymentWall (mobile);none;BE;com.topface.topface.buy.sms.coins.30
114221941;25.10.2017 7:59;25.10.2017 10:39;741;146;Деньги от Google Play;Menu;IT;com.topface.topface.sub.coins.month.6.1
114112554;18.10.2017 6:29;22.10.2017 23:23;1261;19;Деньги от Payment Ninja;autorefill;US;pn.coins.6.1
114206206;24.10.2017 7:25;24.10.2017 23:53;6305;19;Деньги от Payment Ninja;EmptyLikes;CL;pn.coins.40.5
114125688;19.10.2017 1:58;20.10.2017 16:12;845;19;Деньги от Google Play;EmptyLikes;US;com.topface.topface.coins.6.1
114485209;09.11.2017 15:59;11.11.2017 14:55;4680;147;Деньги от Google Play;PopularUserChatBlock;US;com.topface.topface.sub.vip.month.5
114424186;06.11.2017 2:33;06.11.2017 2:40;9100;147;Деньги от Google Play;Dating;US;com.topface.topface.sub.vip.month.10
114123337;18.10.2017 22:22;19.10.2017 1:57;1261;19;Деньги от Payment Ninja;autorefill;IT;pn.coins.6.1
114345128;01.11.2017 18:51;06.11.2017 12:30;4537;147;Деньги от Google Play;AutoReplyMessage;US;com.topface.topface.sub.vip.month.5
114146584;20.10.2017 14:49;02.11.2017 6:11;6305;19;Деньги от Payment Ninja;autorefill;AR;pn.coins.40.5
114121118;18.10.2017 19:50;18.10.2017 19:55;6409;147;Деньги от Google Play;AutoReplyMessage;FR;com.topface.topface.sub.vip.month.5
114069697;15.10.2017 17:36;18.10.2017 1:12;6305;19;Деньги от Payment Ninja;EmptyLikes;US;pn.coins.40.5
114418458;05.11.2017 21:27;12.11.2017 23:28;12727;147;Деньги от Google Play;TrialVipPopup;US;com.topface.topface.sub.trial.vip.month.13
114202101;23.10.2017 23:05;26.10.2017 12:38;6292;147;Деньги от Payment Ninja;promo.key31;PT;pn..sub.vip.month.5
114218933;25.10.2017 0:49;25.10.2017 2:25;6292;147;Деньги от Payment Ninja;Dating;BE;pn..sub.vip.month.5
114258775;27.10.2017 16:03;03.11.2017 21:54;12766;147;Деньги от Google Play;TrialVipPopup;LT;com.topface.topface.sub.trial.vip.month.10.v2
114205265;24.10.2017 5:29;24.10.2017 5:58;4537;147;Деньги от Google Play;AutoReplyMessage;US;com.topface.topface.sub.vip.month.5
114202101;23.10.2017 23:05;25.10.2017 1:24;6305;19;Деньги от Payment Ninja;EmptyLikes;PT;pn.coins.40.5
114155408;21.10.2017 3:38;28.10.2017 5:38;12727;147;Деньги от Google Play;TrialVipPopup;US;com.topface.topface.sub.trial.vip.month.13
114314087;30.10.2017 19:29;13.11.2017 21:14;1261;19;Деньги от Payment Ninja;autorefill;IT;pn.coins.6.1
114201925;23.10.2017 22:53;31.10.2017 0:54;16653;147;Деньги от Google Play;TrialVipPopup;ES;com.topface.topface.sub.trial.vip.month.13
114114115;18.10.2017 9:55;25.10.2017 12:18;10699;147;Деньги от Google Play;TrialVipPopup;AR;com.topface.topface.sub.trial.vip.month.10.v2
114142687;20.10.2017 8:38;24.10.2017 8:33;2483;19;Деньги от PaymentWall (mobile);none;GB;com.topface.topface.buy.sms.coins.22
114320583;31.10.2017 4:43;03.11.2017 21:14;6305;19;Деньги от Payment Ninja;EmptyLikes;US;pn.coins.40.5
114445231;07.11.2017 3:04;07.11.2017 10:02;3900;146;Деньги от Google Play;EmptyLikes;IT;com.topface.topface.sub.coins.month.40.5
114214539;24.10.2017 19:38;25.10.2017 7:39;12818;147;Деньги от Google Play;TrialVipPopup;FR;com.topface.topface.sub.trial.vip.month.10.v2
114304261;30.10.2017 5:06;31.10.2017 18:40;897;146;Деньги от Google Play;Gifts;US;com.topface.topface.sub.coins.month.6.1
114453870;07.11.2017 16:38;14.11.2017 18:38;9087;147;Деньги от Google Play;TrialVipPopup;US;com.topface.topface.sub.trial.vip.month.10.v2
114210274;24.10.2017 14:22;01.11.2017 5:34;2015;19;Деньги от PaymentWall (mobile);none;PT;com.topface.topface.buy.sms.coins.30
114404156;05.11.2017 9:48;05.11.2017 9:49;4537;147;Деньги от Google Play;PopularUserBlockDialog;US;com.topface.topface.sub.vip.month.5
114146584;20.10.2017 14:49;28.10.2017 22:49;6305;19;Деньги от Payment Ninja;EmptyLikes;AR;pn.coins.40.5
114279667;28.10.2017 23:09;05.11.2017 1:15;9087;147;Деньги от Google Play;TrialVipPopup;US;com.topface.topface.sub.trial.vip.month.10.v2
114153697;21.10.2017 0:21;28.10.2017 2:21;12727;147;Деньги от Google Play;TrialVipPopup;US;com.topface.topface.sub.trial.vip.month.13
114485209;09.11.2017 15:59;13.11.2017 21:32;6305;19;Деньги от Payment Ninja;autorefill;US;pn.coins.40.5
114230009;25.10.2017 19:23;27.10.2017 2:14;12610;19;Деньги от Payment Ninja;EmptyLikes;US;pn.coins.100.10
114074007;15.10.2017 21:22;15.10.2017 21:35;2457;67;Деньги от Google Play;EmptyLikes;CL;com.topface.topface.likes.100.3
114078860;16.10.2017 3:06;17.10.2017 0:14;2366;67;Деньги от Google Play;Fans;IT;com.topface.topface.likes.100.3
114329076;31.10.2017 17:43;10.11.2017 14:17;12896;147;Деньги от Google Play;TrialVipPopup;IT;com.topface.topface.sub.trial.vip.month.10.v2
114167854;21.10.2017 20:54;21.10.2017 23:00;6292;147;Деньги от Payment Ninja;AutoReplyMessage;US;pn..sub.vip.month.5
114166043;21.10.2017 19:07;23.10.2017 20:14;6305;19;Деньги от Payment Ninja;EmptyLikes;AR;pn.coins.40.5
114096423;17.10.2017 2:58;18.10.2017 14:34;4602;146;Деньги от Google Play;EmptyLikes;US;com.topface.topface.sub.coins.month.40.5
114206206;24.10.2017 7:25;24.10.2017 8:14;6292;147;Деньги от Payment Ninja;AutoReplyMessage;CL;pn..sub.vip.month.5
114229765;25.10.2017 19:06;02.11.2017 12:22;1261;19;Деньги от Payment Ninja;EmptyLikes;IT;pn.coins.6.1
114449450;07.11.2017 10:50;07.11.2017 10:58;4719;147;Деньги от Google Play;none;AU;com.topface.topface.sub.vip.month.5
114069697;15.10.2017 17:36;16.10.2017 14:12;1261;19;Деньги от Payment Ninja;EmptyLikes;US;pn.coins.6.1
114167854;21.10.2017 20:54;22.10.2017 1:30;6305;19;Деньги от Payment Ninja;EmptyLikes;US;pn.coins.40.5
114304261;30.10.2017 5:06;06.11.2017 18:32;4550;19;Деньги от Google Play;EmptyLikes;US;com.topface.topface.coins.40.5
114061260;15.10.2017 6:33;23.10.2017 13:23;9087;147;Деньги от Google Play;TrialVipPopup;US;com.topface.topface.sub.trial.vip.month.10.v2
114242046;26.10.2017 14:44;09.11.2017 0:24;1586;67;Деньги от Google Play;EmptyLikes;US;com.topface.topface.likes.100.3
114495950;10.11.2017 4:59;13.11.2017 0:13;1261;19;Деньги от Payment Ninja;EmptyLikes;IL;pn.coins.6.1
114440219;06.11.2017 21:19;14.11.2017 23:21;9919;147;Деньги от Google Play;TrialVipPopup;US;com.topface.topface.sub.trial.vip.month.10.v2
114376971;03.11.2017 20:48;10.11.2017 22:48;16666;147;Деньги от Google Play;TrialVipPopup;ES;com.topface.topface.sub.trial.vip.month.13
114297464;29.10.2017 20:56;07.11.2017 1:55;9087;147;Деньги от Google Play;TrialVipPopup;US;com.topface.topface.sub.trial.vip.month.10.v2
114131032;19.10.2017 13:55;21.10.2017 20:12;4537;147;Деньги от Google Play;LeftMenu;US;com.topface.topface.sub.vip.month.5
114190783;23.10.2017 8:05;25.10.2017 15:57;1261;19;Деньги от Payment Ninja;EmptyLikes;UA;pn.coins.6.1
114433758;06.11.2017 15:25;07.11.2017 0:08;6292;147;Деньги от Payment Ninja;promo.key31;AR;pn..sub.vip.month.5
114352451;02.11.2017 8:11;09.11.2017 10:19;9087;147;Деньги от Google Play;TrialVipPopup;US;com.topface.topface.sub.trial.vip.month.10.v2
114107970;17.10.2017 21:52;25.10.2017 17:08;12727;147;Деньги от Google Play;TrialVipPopup;DE;com.topface.topface.sub.trial.vip.month.10.v2
114078506;16.10.2017 2:27;22.10.2017 1:42;6578;147;Деньги от Google Play;promo.key31;PT;com.topface.topface.sub.vip.month.5
114314087;30.10.2017 19:29;13.11.2017 21:13;1261;19;Деньги от Payment Ninja;EmptyLikes;IT;pn.coins.6.1
114310295;30.10.2017 15:22;30.10.2017 15:57;1261;19;Деньги от Payment Ninja;autorefill;ES;pn.coins.6.1
114281696;29.10.2017 2:08;03.11.2017 1:17;6305;19;Деньги от Payment Ninja;EmptyLikes;US;pn.coins.40.5
114306782;30.10.2017 10:14;31.10.2017 20:12;6305;19;Деньги от Payment Ninja;EmptyLikes;IL;pn.coins.40.5
114067716;15.10.2017 15:38;15.10.2017 16:00;4797;147;Деньги от Google Play;AutoReplyMessage;CH;com.topface.topface.sub.vip.month.5
114435985;06.11.2017 17:33;07.11.2017 19:55;5278;147;Деньги от Google Play;PopularUserBlockDialog;AR;com.topface.topface.sub.vip.month.5
114310295;30.10.2017 15:22;30.10.2017 16:08;1261;19;Деньги от Payment Ninja;autorefill;ES;pn.coins.6.1
114310295;30.10.2017 15:22;30.10.2017 15:53;1261;19;Деньги от Payment Ninja;Gifts;ES;pn.coins.6.1
114077737;16.10.2017 1:15;24.10.2017 12:49;6461;147;Деньги от Google Play;promo.key31;BE;com.topface.topface.sub.vip.month.5
114485209;09.11.2017 15:59;12.11.2017 12:59;6305;19;Деньги от Payment Ninja;Menu;US;pn.coins.40.5
114235098;26.10.2017 1:40;29.10.2017 14:14;6292;147;Деньги от Payment Ninja;promo.key31;IT;pn..sub.vip.month.5
114146584;20.10.2017 14:49;15.11.2017 2:15;6305;19;Деньги от Payment Ninja;autorefill;AR;pn.coins.40.5
114185582;22.10.2017 22:18;22.10.2017 22:58;1261;19;Деньги от Payment Ninja;EmptyLikes;US;pn.coins.6.1
114098500;17.10.2017 8:13;20.10.2017 1:51;1859;19;Деньги от PaymentWall (mobile);none;FR;com.topface.topface.buy.sms.coins.22
114301180;30.10.2017 0:21;01.11.2017 22:36;6279;147;Деньги от Google Play;LeftMenu;DE;com.topface.topface.sub.vip.month.5
114420356;05.11.2017 22:51;06.11.2017 16:39;6292;147;Деньги от Payment Ninja;Dating;AE;pn..sub.vip.month.5
114297403;29.10.2017 20:53;31.10.2017 6:44;6305;19;Деньги от Payment Ninja;EmptyLikes;IT;pn.coins.40.5
114411413;05.11.2017 16:32;09.11.2017 15:34;728;19;Деньги от Google Play;EmptyLikes;FR;com.topface.topface.coins.6.1
114210274;24.10.2017 14:22;27.10.2017 22:22;2015;19;Деньги от PaymentWall (mobile);none;PT;com.topface.topface.buy.sms.coins.30
114259540;27.10.2017 17:03;04.11.2017 21:23;728;146;Деньги от Google Play;Gifts;IT;com.topface.topface.sub.coins.month.6.1
114096423;17.10.2017 2:58;20.10.2017 20:07;4550;19;Деньги от Google Play;EmptyLikes;US;com.topface.topface.coins.40.5
114228012;25.10.2017 16:55;25.10.2017 16:59;6461;147;Деньги от Google Play;AutoReplyMessage;US;com.topface.topface.sub.vip.month.5
114070074;15.10.2017 17:58;23.10.2017 13:44;12727;147;Деньги от Google Play;Dating;US;com.topface.topface.sub.trial.vip.month.13
114084303;16.10.2017 12:51;22.10.2017 9:40;6292;147;Деньги от Payment Ninja;promo.key31;BE;pn..sub.vip.month.5
114163204;21.10.2017 15:56;28.10.2017 17:58;9945;147;Деньги от Google Play;TrialVipPopup;CL;com.topface.topface.sub.trial.vip.month.10.v2
114146584;20.10.2017 14:49;31.10.2017 15:46;10673;147;Деньги от Google Play;TrialVipPopup;AR;com.topface.topface.sub.trial.vip.month.10.v2
114044118;14.10.2017 2:54;14.10.2017 16:50;897;19;Деньги от Google Play;EmptyLikes;US;com.topface.topface.coins.6.1
114371766;03.11.2017 14:51;04.11.2017 20:12;2925;67;Деньги от PaymentWall (mobile);none;FR;com.topface.topface.buy.sms.likes.1
114311951;30.10.2017 17:15;06.11.2017 19:36;9087;147;Деньги от Google Play;TrialVipPopup;US;com.topface.topface.sub.trial.vip.month.10.v2
114497606;10.11.2017 8:23;14.11.2017 21:44;2327;67;Деньги от Google Play;EmptyLikes;US;com.topface.topface.likes.100.3
114302638;30.10.2017 1:55;06.11.2017 3:55;12831;147;Деньги от Google Play;TrialVipPopup;CA;com.topface.topface.sub.trial.vip.month.13
114221941;25.10.2017 7:59;26.10.2017 16:38;1482;19;Деньги от Ninja;sympathy_access;IT;
114307696;30.10.2017 11:50;30.10.2017 12:23;5265;147;Деньги от Google Play;LeftMenu;AR;com.topface.topface.sub.vip.month.5
114131032;19.10.2017 13:55;21.10.2017 20:07;897;146;Деньги от Google Play;EmptyLikes;US;com.topface.topface.sub.coins.month.6.1
114125688;19.10.2017 1:58;19.10.2017 2:32;7982;147;Деньги от Google Play;AutoReplyMessage;US;com.topface.topface.sub.vip.month.10
114044118;14.10.2017 2:54;14.11.2017 4:57;4537;147;Деньги от Google Play;Dating;US;com.topface.topface.sub.vip.month.5
114142687;20.10.2017 8:38;23.10.2017 13:54;5161;147;Деньги от Google Play;promo.key31;GB;com.topface.topface.sub.vip.month.5
114077114;16.10.2017 0:27;10.11.2017 21:26;12714;147;Деньги от Google Play;TrialVipPopup;FR;com.topface.topface.sub.trial.vip.month.10.v2
114279782;28.10.2017 23:18;05.11.2017 1:18;12727;147;Деньги от Google Play;TrialVipPopup;US;com.topface.topface.sub.trial.vip.month.13
114477086;09.11.2017 2:17;13.11.2017 21:55;10413;68;Деньги от PaymentWall (mobile);none;AR;com.topface.topface.buy.vip.day.20
114235098;26.10.2017 1:40;30.10.2017 9:06;1261;19;Деньги от Payment Ninja;autorefill;IT;pn.coins.6.1
114114115;18.10.2017 9:55;22.10.2017 7:52;6305;19;Деньги от Payment Ninja;EmptyLikes;AR;pn.coins.40.5
114206206;24.10.2017 7:25;24.10.2017 23:52;3783;67;Деньги от Payment Ninja;EmptyLikes;CL;pn.likes.100.3
114400762;05.11.2017 3:50;05.11.2017 3:54;4537;147;Деньги от Google Play;SendMessage;GB;com.topface.topface.sub.vip.month.5
114304541;30.10.2017 5:47;30.10.2017 6:02;5265;147;Деньги от Google Play;LeftMenu;US;com.topface.topface.sub.vip.month.5
114314087;30.10.2017 19:29;12.11.2017 0:39;1261;19;Деньги от Payment Ninja;EmptyLikes;IT;pn.coins.6.1
114425641;06.11.2017 4:54;06.11.2017 5:14;4537;147;Деньги от Google Play;LeftMenu;US;com.topface.topface.sub.vip.month.5
114078860;16.10.2017 3:06;16.10.2017 12:03;3965;146;Деньги от Google Play;EmptyLikes;IT;com.topface.topface.sub.coins.month.40.5
114153647;21.10.2017 0:17;21.10.2017 1:48;6292;147;Деньги от Payment Ninja;SendMessage;US;pn..sub.vip.month.5
114310295;30.10.2017 15:22;30.10.2017 15:48;3783;67;Деньги от Payment Ninja;Menu;ES;pn.likes.100.3
114474837;08.11.2017 22:35;14.11.2017 19:59;6500;147;Деньги от Google Play;PopularUserBlockDialog;IT;com.topface.topface.sub.vip.month.5
114495950;10.11.2017 4:59;13.11.2017 0:15;1261;19;Деньги от Payment Ninja;autorefill;IL;pn.coins.6.1
114205712;24.10.2017 6:24;31.10.2017 8:39;16913;147;Деньги от Google Play;LeftMenu;PT;com.topface.topface.sub.trial.vip.month.13
114273138;28.10.2017 14:47;28.10.2017 14:56;6292;147;Деньги от Payment Ninja;Dating;IL;pn..sub.vip.month.5
114190783;23.10.2017 8:05;23.10.2017 10:02;6357;147;Деньги от Google Play;LeftMenu;UA;com.topface.topface.sub.vip.month.5
114096423;17.10.2017 2:58;20.10.2017 20:08;2730;67;Деньги от Google Play;EmptyLikes;US;com.topface.topface.likes.100.3
114175714;22.10.2017 10:12;22.10.2017 10:37;845;146;Деньги от Google Play;AdToPhotoBlog;US;com.topface.topface.sub.coins.month.6.1
114136853;19.10.2017 21:42;20.10.2017 12:37;4602;146;Деньги от Google Play;EmptyLikes;AE;com.topface.topface.sub.coins.month.40.5
114357861;02.11.2017 16:45;05.11.2017 17:23;507;146;Деньги от Google Play;AdToPhotoBlog;TR;com.topface.topface.sub.coins.month.6.1
114371766;03.11.2017 14:51;10.11.2017 16:51;12701;147;Деньги от Google Play;TrialVipPopup;FR;com.topface.topface.sub.trial.vip.month.10.v2
114392186;04.11.2017 18:16;04.11.2017 18:26;2717;68;Деньги от PaymentWall (mobile);none;FR;com.topface.topface.buy.sms.vip.day.10
114168410;21.10.2017 21:28;31.10.2017 0:53;1261;19;Деньги от Payment Ninja;EmptyLikes;US;pn.coins.6.1
114357861;02.11.2017 16:45;05.11.2017 17:22;1573;67;Деньги от Google Play;AdToPhotoBlog;TR;com.topface.topface.likes.100.3
114377299;03.11.2017 21:08;03.11.2017 21:21;2548;19;Деньги от PaymentWall (mobile);none;CA;com.topface.topface.buy.sms.coins.22
114169487;21.10.2017 22:33;21.10.2017 22:38;4537;147;Деньги от Google Play;LeftMenu;US;com.topface.topface.sub.vip.month.5
114185582;22.10.2017 22:18;22.10.2017 22:27;6292;147;Деньги от Payment Ninja;AutoReplyMessage;US;pn..sub.vip.month.5
114165843;21.10.2017 18:54;24.10.2017 17:18;6292;147;Деньги от Payment Ninja;LeftMenu;CL;pn..sub.vip.month.5
114298555;29.10.2017 21:59;08.11.2017 13:54;4056;19;Деньги от PaymentWall (mobile);none;AT;com.topface.topface.buy.sms.coins.30
114190783;23.10.2017 8:05;26.10.2017 9:37;1261;19;Деньги от Payment Ninja;EmptyLikes;UA;pn.coins.6.1
114186212;22.10.2017 22:57;23.10.2017 0:06;2353;67;Деньги от Google Play;EmptyLikes;IT;com.topface.topface.likes.100.3
114182070;22.10.2017 18:37;29.10.2017 20:37;9815;147;Деньги от Google Play;TrialVipPopup;CA;com.topface.topface.sub.trial.vip.month.10.v2
114170853;22.10.2017 0:04;29.10.2017 20:35;6292;147;Деньги от Payment Ninja;LeftMenu;AE;pn..sub.vip.month.5
114298555;29.10.2017 21:59;06.11.2017 23:58;4056;68;Деньги от PaymentWall (mobile);none;AT;com.topface.topface.buy.sms.vip.day.10
114299879;29.10.2017 23:08;10.11.2017 14:16;6305;19;Деньги от Payment Ninja;EmptyLikes;CL;pn.coins.40.5
114390551;04.11.2017 16:42;04.11.2017 16:48;6292;147;Деньги от Payment Ninja;AutoReplyMessage;US;pn..sub.vip.month.5
114167854;21.10.2017 20:54;22.10.2017 1:30;6305;19;Деньги от Payment Ninja;EmptyLikes;US;pn.coins.40.5
114361651;02.11.2017 21:36;02.11.2017 21:52;4732;147;Деньги от Google Play;SendMessage;US;com.topface.topface.sub.vip.month.5
114357861;02.11.2017 16:45;09.11.2017 19:30;7033;147;Деньги от Google Play;TrialVipPopup;TR;com.topface.topface.sub.trial.vip.month.10.v2
114188792;23.10.2017 2:40;26.10.2017 7:24;4537;147;Деньги от Google Play;promo.key31;US;com.topface.topface.sub.vip.month.5
114235297;26.10.2017 2:05;02.11.2017 13:03;6292;147;Деньги от Payment Ninja;promo.key31;GB;pn..sub.vip.month.5
114078506;16.10.2017 2:27;26.10.2017 23:05;741;146;Деньги от Google Play;AdToPhotoBlog;PT;com.topface.topface.sub.coins.month.6.1
114186212;22.10.2017 22:57;23.10.2017 0:06;2353;67;Деньги от Google Play;EmptyLikes;IT;com.topface.topface.likes.100.3
114165843;21.10.2017 18:54;24.10.2017 17:20;3783;67;Деньги от Payment Ninja;EmptyLikes;CL;pn.likes.100.3
114165843;21.10.2017 18:54;24.10.2017 17:19;3783;67;Деньги от Payment Ninja;EmptyLikes;CL;pn.likes.100.3
114203615;24.10.2017 1:15;28.10.2017 15:10;5148;147;Деньги от Google Play;LeftMenu;GB;com.topface.topface.sub.vip.month.5
114220280;25.10.2017 3:44;13.11.2017 22:50;10413;68;Деньги от PaymentWall (mobile);none;AR;com.topface.topface.buy.vip.day.20
114272428;28.10.2017 13:51;29.10.2017 14:38;7813;146;Деньги от Google Play;EmptyLikes;FR;com.topface.topface.sub.coins.month.100.10
114142687;20.10.2017 8:38;22.10.2017 12:44;5161;147;Деньги от Google Play;promo.key31;GB;com.topface.topface.sub.vip.month.5
114112554;18.10.2017 6:29;22.10.2017 8:52;3783;67;Деньги от Payment Ninja;EmptyLikes;US;pn.likes.100.3
114081159;16.10.2017 8:03;16.10.2017 18:13;6292;147;Деньги от Payment Ninja;Fans;ES;pn..sub.vip.month.5
114281696;29.10.2017 2:08;04.11.2017 17:46;1261;19;Деньги от Payment Ninja;Menu;US;pn.coins.6.1
114179556;22.10.2017 15:35;25.10.2017 0:50;6292;147;Деньги от Payment Ninja;promo.key31;FR;pn..sub.vip.month.5
114221941;25.10.2017 7:59;25.10.2017 13:25;3783;67;Деньги от Payment Ninja;Menu;IT;pn.likes.100.3
114044118;14.10.2017 2:54;14.10.2017 16:47;2730;67;Деньги от Google Play;EmptyLikes;US;com.topface.topface.likes.100.3
114435690;06.11.2017 17:16;06.11.2017 17:37;897;146;Деньги от Google Play;Gifts;US;com.topface.topface.sub.coins.month.6.1
114310295;30.10.2017 15:22;02.11.2017 13:48;6305;19;Деньги от Payment Ninja;Gifts;ES;pn.coins.40.5
114186212;22.10.2017 22:57;26.10.2017 1:29;2366;67;Деньги от Google Play;AdToPhotoBlog;IT;com.topface.topface.likes.100.3
114400712;05.11.2017 3:45;05.11.2017 3:52;3861;147;Деньги от Google Play;AutoReplyMessage;US;com.topface.topface.sub.vip.month.5
114112554;18.10.2017 6:29;22.10.2017 23:22;1261;19;Деньги от Payment Ninja;EmptyLikes;US;pn.coins.6.1
114469287;08.11.2017 15:19;08.11.2017 15:48;3692;68;Деньги от PaymentWall (mobile);none;US;com.topface.topface.buy.sms.vip.day.10
114171380;22.10.2017 0:46;28.10.2017 8:16;1261;19;Деньги от Payment Ninja;AdToPhotoBlog;US;pn.coins.6.1
114078142;16.10.2017 1:51;16.10.2017 1:57;4537;147;Деньги от Google Play;none;US;com.topface.topface.sub.vip.month.5
114259374;27.10.2017 16:51;06.11.2017 15:15;11102;147;Деньги от Google Play;TrialVipPopup;IL;com.topface.topface.sub.trial.vip.month.10.v2
114134365;19.10.2017 18:44;26.10.2017 20:48;16562;147;Деньги от Google Play;TrialVipPopup;FR;com.topface.topface.sub.trial.vip.month.13
114377109;03.11.2017 20:56;07.11.2017 12:04;14040;19;Деньги от PaymentWall (mobile);none;US;com.topface.topface.buy.coins.100
114297403;29.10.2017 20:53;31.10.2017 20:15;6305;19;Деньги от Payment Ninja;autorefill;IT;pn.coins.40.5
114188633;23.10.2017 2:20;11.11.2017 7:45;3926;146;Деньги от Google Play;EmptyLikes;IT;com.topface.topface.sub.coins.month.40.5
114289906;29.10.2017 14:02;05.11.2017 18:01;16341;147;Деньги от Google Play;AutoReplyMessage;DE;com.topface.topface.sub.trial.vip.month.13
114112554;18.10.2017 6:29;24.10.2017 6:08;3783;67;Деньги от Payment Ninja;Menu;US;pn.likes.100.3
114237837;26.10.2017 8:30;26.10.2017 9:42;4537;147;Деньги от Google Play;PopularUserBlockDialog;US;com.topface.topface.sub.vip.month.5
114083215;16.10.2017 11:26;17.10.2017 11:56;6305;19;Деньги от Payment Ninja;EmptyLikes;GB;pn.coins.40.5
114310295;30.10.2017 15:22;30.10.2017 16:00;1261;19;Деньги от Payment Ninja;autorefill;ES;pn.coins.6.1
114210274;24.10.2017 14:22;27.10.2017 22:24;2015;68;Деньги от PaymentWall (mobile);none;PT;com.topface.topface.buy.sms.vip.day.10
114495950;10.11.2017 4:59;14.11.2017 20:15;1261;19;Деньги от Payment Ninja;EmptyLikes;IL;pn.coins.6.1
114295382;29.10.2017 19:11;31.10.2017 0:39;6344;147;Деньги от Google Play;promo.key31;FR;com.topface.topface.sub.vip.month.5
114328847;31.10.2017 17:26;08.11.2017 21:15;2314;67;Деньги от Google Play;EmptyLikes;FR;com.topface.topface.likes.100.3
114174049;22.10.2017 7:04;23.10.2017 20:17;1261;19;Деньги от Payment Ninja;autorefill;IL;pn.coins.6.1
114125688;19.10.2017 1:58;20.10.2017 16:08;2379;67;Деньги от Google Play;EmptyLikes;US;com.topface.topface.likes.100.3
114320583;31.10.2017 4:43;03.11.2017 21:13;6305;19;Деньги от Payment Ninja;EmptyLikes;US;pn.coins.40.5
114310295;30.10.2017 15:22;02.11.2017 13:39;6396;147;Деньги от Google Play;LeftMenu;ES;com.topface.topface.sub.vip.month.5
114083215;16.10.2017 11:26;19.10.2017 6:33;6292;147;Деньги от Payment Ninja;LeftMenu;GB;pn..sub.vip.month.5
114071012;15.10.2017 18:51;15.10.2017 19:26;6435;147;Деньги от Google Play;AutoReplyMessage;FR;com.topface.topface.sub.vip.month.5
114357861;02.11.2017 16:45;08.11.2017 23:09;2587;19;Деньги от Google Play;AdToPhotoBlog;TR;com.topface.topface.coins.40.5
114299879;29.10.2017 23:08;09.11.2017 1:39;3783;67;Деньги от Payment Ninja;EmptyLikes;CL;pn.likes.100.3
114281696;29.10.2017 2:08;04.11.2017 17:47;1261;19;Деньги от Payment Ninja;Menu;US;pn.coins.6.1
114174049;22.10.2017 7:04;23.10.2017 20:17;1261;19;Деньги от Payment Ninja;EmptyLikes;IL;pn.coins.6.1
114140443;20.10.2017 3:05;20.10.2017 3:16;7969;147;Деньги от Google Play;AutoReplyMessage;PT;com.topface.topface.sub.vip.month.10
114453084;07.11.2017 15:43;09.11.2017 17:27;871;19;Деньги от Google Play;EmptyLikes;IL;com.topface.topface.coins.6.1
114168410;21.10.2017 21:28;31.10.2017 0:53;1261;19;Деньги от Payment Ninja;EmptyLikes;US;pn.coins.6.1
114377109;03.11.2017 20:56;05.11.2017 16:05;9360;68;Деньги от PaymentWall (mobile);none;US;com.topface.topface.buy.vip.day.20
114298555;29.10.2017 21:59;07.11.2017 11:26;4056;19;Деньги от PaymentWall (mobile);none;AT;com.topface.topface.buy.sms.coins.30
114189567;23.10.2017 4:57;04.11.2017 19:46;4732;147;Деньги от Google Play;PopularUserBlockDialog;CL;com.topface.topface.sub.vip.month.5
114310295;30.10.2017 15:22;02.11.2017 13:38;6292;147;Деньги от Payment Ninja;LeftMenu;ES;pn..sub.vip.month.5
114071012;15.10.2017 18:51;05.11.2017 16:00;2314;67;Деньги от Google Play;Menu;FR;com.topface.topface.likes.100.3
114483074;09.11.2017 13:24;11.11.2017 3:11;897;146;Деньги от Google Play;EmptyLikes;CA;com.topface.topface.sub.coins.month.6.1
114175714;22.10.2017 10:12;29.10.2017 12:16;12883;147;Деньги от Google Play;AutoReplyMessage;US;com.topface.topface.sub.trial.vip.month.13
114421415;05.11.2017 23:44;06.11.2017 0:04;6292;147;Деньги от Payment Ninja;AutoReplyMessage;US;pn..sub.vip.month.5
114270706;28.10.2017 11:19;29.10.2017 3:57;4602;146;Деньги от Google Play;EmptyLikes;US;com.topface.topface.sub.coins.month.40.5
114499937;10.11.2017 11:45;12.11.2017 15:23;6292;147;Деньги от Payment Ninja;promo.key31;AR;pn..sub.vip.month.5
114419257;05.11.2017 22:03;13.11.2017 0:27;9087;147;Деньги от Google Play;TrialVipPopup;US;com.topface.topface.sub.trial.vip.month.10.v2
114150804;20.10.2017 20:39;29.10.2017 15:06;2314;67;Деньги от Google Play;EmptyLikes;ES;com.topface.topface.likes.100.3
114433442;06.11.2017 15:06;09.11.2017 15:21;1482;19;Деньги от PaymentWall (mobile);none;PT;com.topface.topface.buy.sms.coins.22
114400762;05.11.2017 3:50;11.11.2017 3:31;2158;67;Деньги от Google Play;EmptyLikes;GB;com.topface.topface.likes.100.3
114350348;02.11.2017 2:03;09.11.2017 4:35;10400;147;Деньги от Google Play;TrialVipPopup;GB;com.topface.topface.sub.trial.vip.month.10.v2
114211798;24.10.2017 16:19;04.11.2017 14:09;6292;147;Деньги от Payment Ninja;promo.key31;GB;pn..sub.vip.month.5
114320583;31.10.2017 4:43;03.11.2017 21:13;3783;67;Деньги от Payment Ninja;EmptyLikes;US;pn.likes.100.3
114425439;06.11.2017 4:33;09.11.2017 5:55;6292;147;Деньги от Payment Ninja;LeftMenu;US;pn..sub.vip.month.5
114152105;20.10.2017 22:14;20.10.2017 22:27;7930;147;Деньги от Google Play;LeftMenu;DE;com.topface.topface.sub.vip.month.10
114174049;22.10.2017 7:04;22.10.2017 18:35;6292;147;Деньги от Payment Ninja;Dating;IL;pn..sub.vip.month.5
114483074;09.11.2017 13:24;11.11.2017 3:13;897;19;Деньги от Google Play;EmptyLikes;CA;com.topface.topface.coins.6.1
114461808;08.11.2017 1:08;08.11.2017 10:19;3042;68;Деньги от PaymentWall (mobile);none;BE;com.topface.topface.buy.sms.vip.day.10
114112554;18.10.2017 6:29;22.10.2017 23:23;1261;19;Деньги от Payment Ninja;EmptyLikes;US;pn.coins.6.1
114175714;22.10.2017 10:12;29.10.2017 3:34;2366;67;Деньги от Google Play;EmptyLikes;US;com.topface.topface.likes.100.3
114292276;29.10.2017 16:19;05.11.2017 18:35;16614;147;Деньги от Google Play;PopularUserBlockDialog;BE;com.topface.topface.sub.trial.vip.month.13
114164126;21.10.2017 16:58;08.11.2017 12:18;9958;147;Деньги от Google Play;TrialVipPopup;US;com.topface.topface.sub.trial.vip.month.10.v2
114281696;29.10.2017 2:08;05.11.2017 5:49;12727;147;Деньги от Google Play;TrialVipPopup;US;com.topface.topface.sub.trial.vip.month.13
114391385;04.11.2017 17:31;04.11.2017 18:05;6292;147;Деньги от Payment Ninja;Dating;ES;pn..sub.vip.month.5
114171380;22.10.2017 0:46;28.10.2017 8:12;6292;147;Деньги от Payment Ninja;AutoReplyMessage;US;pn..sub.vip.month.5
114194008;23.10.2017 13:19;25.10.2017 22:43;3965;146;Деньги от Google Play;EmptyLikes;BE;com.topface.topface.sub.coins.month.40.5
114298207;29.10.2017 21:40;05.11.2017 23:49;13247;147;Деньги от Google Play;Dating;AE;com.topface.topface.sub.trial.vip.month.13
114178606;22.10.2017 14:21;23.10.2017 15:37;3588;68;Деньги от PaymentWall (mobile);none;GB;com.topface.topface.buy.sms.vip.day.10
114174049;22.10.2017 7:04;23.10.2017 20:17;1261;19;Деньги от Payment Ninja;EmptyLikes;IL;pn.coins.6.1
114377299;03.11.2017 21:08;03.11.2017 21:26;3549;68;Деньги от PaymentWall (mobile);none;CA;com.topface.topface.buy.sms.vip.day.10
114194008;23.10.2017 13:19;30.10.2017 15:35;16640;147;Деньги от Google Play;TrialVipPopup;BE;com.topface.topface.sub.trial.vip.month.13
114358915;02.11.2017 18:13;09.11.2017 20:32;12727;147;Деньги от Google Play;SendMessage;US;com.topface.topface.sub.trial.vip.month.13
114171380;22.10.2017 0:46;28.10.2017 8:17;1261;19;Деньги от Payment Ninja;autorefill;US;pn.coins.6.1
114299879;29.10.2017 23:08;15.11.2017 0:57;9997;147;Деньги от Google Play;TrialVipPopup;CL;com.topface.topface.sub.trial.vip.month.10.v2
114369533;03.11.2017 11:43;03.11.2017 11:57;6292;147;Деньги от Payment Ninja;AutoReplyMessage;ES;pn..sub.vip.month.5
